{"cameraMode":{"drawMode":0,"name":"Shaded","section":"Shading Mode"},"sceneLighting":false,"audioPlay":false,"sceneViewState":{"showFog":true,"showMaterialUpdate":false,"showSkybox":true,"showFlares":true,"showImageEffects":true,"showParticleSystems":true},"in2DMode":false,"pivot":{"x":935.6497802734375,"y":-110.51011657714844,"z":280.5743713378906},"rotation":{"x":0.23936651647090913,"y":0.027356309816241266,"z":-0.006746306549757719,"w":0.9705255627632141},"size":951.0098266601563,"orthographic":false}