{"cameraMode":{"drawMode":0,"name":"Shaded","section":"Shading Mode"},"sceneLighting":true,"audioPlay":false,"sceneViewState":{"showFog":true,"showMaterialUpdate":false,"showSkybox":true,"showFlares":true,"showImageEffects":true,"showParticleSystems":true},"in2DMode":false,"pivot":{"x":59.142635345458987,"y":43.88986587524414,"z":664.36083984375},"rotation":{"x":0.045442868024110797,"y":0.13771720230579377,"z":-0.006326024886220694,"w":0.9894201755523682},"size":292.508544921875,"orthographic":false}