{"cameraMode":{"drawMode":0,"name":"Shaded","section":"Shading Mode"},"sceneLighting":false,"audioPlay":false,"sceneViewState":{"showFog":true,"showMaterialUpdate":false,"showSkybox":false,"showFlares":true,"showImageEffects":true,"showParticleSystems":true},"in2DMode":false,"pivot":{"x":9.25616455078125,"y":16.799999237060548,"z":-113.31608581542969},"rotation":{"x":0.39372551441192629,"y":0.40932708978652956,"z":-0.201984241604805,"w":0.7978952527046204},"size":2.663278341293335,"orthographic":false}