{"cameraMode":{"drawMode":0,"name":"Shaded","section":"Shading Mode"},"sceneLighting":false,"audioPlay":false,"sceneViewState":{"showFog":true,"showMaterialUpdate":false,"showSkybox":false,"showFlares":true,"showImageEffects":true,"showParticleSystems":true},"in2DMode":false,"pivot":{"x":-42.37563705444336,"y":29.69638442993164,"z":-14.515304565429688},"rotation":{"x":-0.20662930607795716,"y":-0.32693415880203249,"z":-0.07348966598510742,"w":0.9192613959312439},"size":27.024200439453126,"orthographic":false}