{"cameraMode":{"drawMode":0,"name":"Shaded","section":"Shading Mode"},"sceneLighting":true,"audioPlay":false,"sceneViewState":{"showFog":true,"showMaterialUpdate":false,"showSkybox":true,"showFlares":true,"showImageEffects":true,"showParticleSystems":true},"in2DMode":false,"pivot":{"x":-122.51506042480469,"y":117.498046875,"z":530.040771484375},"rotation":{"x":0.08602088689804077,"y":0.40294620394706728,"z":-0.03807416558265686,"w":0.9103766083717346},"size":2.663280725479126,"orthographic":false}